Race,Dem,Repub,Total,Gross_Margin,Trad_Mar,Trad_Mix
Non-White,29500000,7500000,37000000,22000000,0.594594595,0.286821705
White,39000000,53000000,92000000,-14000000,-0.152173913,0.713178295
