Race,Dem,Repub,Total,Gross_Margin,Trad_Mar,Trad_Mix
Non-White,38000000,12000000,50000000,26000000,0.52,0.322580645
White,48000000,57000000,105000000,-9000000,-0.085714286,0.677419355
